country_code,country_name,count,italian_institution,year_block,direction
AE,United Arab Emirates,722,UNIMI,2006-2010,outgoing
AF,Afghanistan,10,UNIMI,2006-2010,outgoing
AG,Antigua and Barbuda,57,UNIMI,2006-2010,outgoing
AL,Albania,83,UNIMI,2006-2010,outgoing
AM,Armenia,776,UNIMI,2006-2010,outgoing
AO,Angola,76,UNIMI,2006-2010,outgoing
AR,Argentina,9523,UNIMI,2006-2010,outgoing
AS,American Samoa,24,UNIMI,2006-2010,outgoing
AT,Austria,25336,UNIMI,2006-2010,outgoing
AU,Australia,112660,UNIMI,2006-2010,outgoing
AZ,Azerbaijan,234,UNIMI,2006-2010,outgoing
BA,Bosnia and Herzegovina,544,UNIMI,2006-2010,outgoing
BB,Barbados,34,UNIMI,2006-2010,outgoing
BD,Bangladesh,419,UNIMI,2006-2010,outgoing
BE,Belgium,52456,UNIMI,2006-2010,outgoing
BF,Burkina Faso,189,UNIMI,2006-2010,outgoing
BG,Bulgaria,2096,UNIMI,2006-2010,outgoing
BH,Bahrain,1321,UNIMI,2006-2010,outgoing
BI,Burundi,19,UNIMI,2006-2010,outgoing
BJ,Benin,242,UNIMI,2006-2010,outgoing
BM,Bermuda,11,UNIMI,2006-2010,outgoing
BN,Brunei,39,UNIMI,2006-2010,outgoing
BO,Bolivia,128,UNIMI,2006-2010,outgoing
BQ,"Bonaire, Sint Eustatius, and Saba",4,UNIMI,2006-2010,outgoing
BR,Brazil,35571,UNIMI,2006-2010,outgoing
BS,Bahamas,1,UNIMI,2006-2010,outgoing
BT,Bhutan,34,UNIMI,2006-2010,outgoing
BW,Botswana,32,UNIMI,2006-2010,outgoing
BY,Belarus,1378,UNIMI,2006-2010,outgoing
BZ,Belize,1,UNIMI,2006-2010,outgoing
CA,Canada,141658,UNIMI,2006-2010,outgoing
CD,DR Congo,123,UNIMI,2006-2010,outgoing
CF,Central African Republic,9,UNIMI,2006-2010,outgoing
CG,Congo Republic,20,UNIMI,2006-2010,outgoing
CH,Switzerland,99227,UNIMI,2006-2010,outgoing
CI,Ivory Coast,59,UNIMI,2006-2010,outgoing
CL,Chile,4038,UNIMI,2006-2010,outgoing
CM,Cameroon,183,UNIMI,2006-2010,outgoing
CN,China,77450,UNIMI,2006-2010,outgoing
CO,Colombia,2421,UNIMI,2006-2010,outgoing
CR,Costa Rica,211,UNIMI,2006-2010,outgoing
CU,Cuba,579,UNIMI,2006-2010,outgoing
CW,Curaçao,125,UNIMI,2006-2010,outgoing
CY,Cyprus,1390,UNIMI,2006-2010,outgoing
CZ,Czechia,11997,UNIMI,2006-2010,outgoing
DE,Germany,261636,UNIMI,2006-2010,outgoing
DJ,Djibouti,2,UNIMI,2006-2010,outgoing
DK,Denmark,42994,UNIMI,2006-2010,outgoing
DO,Dominican Republic,34,UNIMI,2006-2010,outgoing
DZ,Algeria,451,UNIMI,2006-2010,outgoing
EC,Ecuador,567,UNIMI,2006-2010,outgoing
EE,Estonia,1811,UNIMI,2006-2010,outgoing
EG,Egypt,2170,UNIMI,2006-2010,outgoing
ER,Eritrea,5,UNIMI,2006-2010,outgoing
ES,Spain,119216,UNIMI,2006-2010,outgoing
ET,Ethiopia,882,UNIMI,2006-2010,outgoing
EU,European Union,45,UNIMI,2006-2010,outgoing
FI,Finland,35753,UNIMI,2006-2010,outgoing
FJ,Fiji,26,UNIMI,2006-2010,outgoing
FM,Micronesia,4,UNIMI,2006-2010,outgoing
FR,France,512130,UNIMI,2006-2010,outgoing
GA,Gabon,117,UNIMI,2006-2010,outgoing
GB,United Kingdom,430868,UNIMI,2006-2010,outgoing
GD,Grenada,139,UNIMI,2006-2010,outgoing
GE,Georgia,1721,UNIMI,2006-2010,outgoing
GF,French Guiana,66,UNIMI,2006-2010,outgoing
GH,Ghana,685,UNIMI,2006-2010,outgoing
GI,Gibraltar,2,UNIMI,2006-2010,outgoing
GL,Greenland,7,UNIMI,2006-2010,outgoing
GM,The Gambia,17,UNIMI,2006-2010,outgoing
GN,Guinea,2,UNIMI,2006-2010,outgoing
GP,Guadeloupe,264,UNIMI,2006-2010,outgoing
GR,Greece,21046,UNIMI,2006-2010,outgoing
GT,Guatemala,190,UNIMI,2006-2010,outgoing
GU,Guam,3,UNIMI,2006-2010,outgoing
GW,Guinea-Bissau,67,UNIMI,2006-2010,outgoing
GY,Guyana,5,UNIMI,2006-2010,outgoing
HK,Hong Kong,12786,UNIMI,2006-2010,outgoing
HN,Honduras,27,UNIMI,2006-2010,outgoing
HR,Croatia,4066,UNIMI,2006-2010,outgoing
HT,Haiti,4,UNIMI,2006-2010,outgoing
HU,Hungary,12039,UNIMI,2006-2010,outgoing
ID,Indonesia,694,UNIMI,2006-2010,outgoing
IE,Ireland,18196,UNIMI,2006-2010,outgoing
IL,Israel,21795,UNIMI,2006-2010,outgoing
IM,Isle of Man,11,UNIMI,2006-2010,outgoing
IN,India,33559,UNIMI,2006-2010,outgoing
IQ,Iraq,107,UNIMI,2006-2010,outgoing
IR,Iran,5256,UNIMI,2006-2010,outgoing
IS,Iceland,1883,UNIMI,2006-2010,outgoing
IT,Italy,467851,UNIMI,2006-2010,outgoing
JE,Jersey,14,UNIMI,2006-2010,outgoing
JM,Jamaica,284,UNIMI,2006-2010,outgoing
JO,Jordan,1432,UNIMI,2006-2010,outgoing
JP,Japan,119799,UNIMI,2006-2010,outgoing
KE,Kenya,1054,UNIMI,2006-2010,outgoing
KG,Kyrgyzstan,7,UNIMI,2006-2010,outgoing
KH,Cambodia,315,UNIMI,2006-2010,outgoing
KN,St Kitts and Nevis,23,UNIMI,2006-2010,outgoing
KR,South Korea,42987,UNIMI,2006-2010,outgoing
KW,Kuwait,223,UNIMI,2006-2010,outgoing
KY,Cayman Islands,3,UNIMI,2006-2010,outgoing
KZ,Kazakhstan,180,UNIMI,2006-2010,outgoing
LA,Laos,13,UNIMI,2006-2010,outgoing
LB,Lebanon,1549,UNIMI,2006-2010,outgoing
LC,Saint Lucia,4,UNIMI,2006-2010,outgoing
LI,Liechtenstein,6,UNIMI,2006-2010,outgoing
LK,Sri Lanka,386,UNIMI,2006-2010,outgoing
LR,Liberia,4,UNIMI,2006-2010,outgoing
LS,Lesotho,2,UNIMI,2006-2010,outgoing
LT,Lithuania,465,UNIMI,2006-2010,outgoing
LU,Luxembourg,451,UNIMI,2006-2010,outgoing
LV,Latvia,401,UNIMI,2006-2010,outgoing
LY,Libya,55,UNIMI,2006-2010,outgoing
MA,Morocco,822,UNIMI,2006-2010,outgoing
MC,Monaco,10,UNIMI,2006-2010,outgoing
MD,Moldova,83,UNIMI,2006-2010,outgoing
ME,Montenegro,154,UNIMI,2006-2010,outgoing
MG,Madagascar,49,UNIMI,2006-2010,outgoing
MK,North Macedonia,164,UNIMI,2006-2010,outgoing
ML,Mali,33,UNIMI,2006-2010,outgoing
MM,Myanmar,118,UNIMI,2006-2010,outgoing
MN,Mongolia,185,UNIMI,2006-2010,outgoing
MO,Macao,76,UNIMI,2006-2010,outgoing
MQ,Martinique,8,UNIMI,2006-2010,outgoing
MR,Mauritania,19,UNIMI,2006-2010,outgoing
MT,Malta,162,UNIMI,2006-2010,outgoing
MU,Mauritius,37,UNIMI,2006-2010,outgoing
MV,Maldives,22,UNIMI,2006-2010,outgoing
MW,Malawi,119,UNIMI,2006-2010,outgoing
MX,Mexico,9992,UNIMI,2006-2010,outgoing
MY,Malaysia,2037,UNIMI,2006-2010,outgoing
MZ,Mozambique,228,UNIMI,2006-2010,outgoing
NC,New Caledonia,58,UNIMI,2006-2010,outgoing
NE,Niger,23,UNIMI,2006-2010,outgoing
NG,Nigeria,751,UNIMI,2006-2010,outgoing
NI,Nicaragua,43,UNIMI,2006-2010,outgoing
NL,The Netherlands,151533,UNIMI,2006-2010,outgoing
NO,Norway,19713,UNIMI,2006-2010,outgoing
NP,Nepal,342,UNIMI,2006-2010,outgoing
NZ,New Zealand,10456,UNIMI,2006-2010,outgoing
OM,Oman,229,UNIMI,2006-2010,outgoing
PA,Panama,296,UNIMI,2006-2010,outgoing
PE,Peru,734,UNIMI,2006-2010,outgoing
PF,French Polynesia,10,UNIMI,2006-2010,outgoing
PG,Papua New Guinea,37,UNIMI,2006-2010,outgoing
PH,Philippines,1287,UNIMI,2006-2010,outgoing
PK,Pakistan,1891,UNIMI,2006-2010,outgoing
PL,Poland,25168,UNIMI,2006-2010,outgoing
PR,Puerto Rico,1646,UNIMI,2006-2010,outgoing
PS,Palestine,335,UNIMI,2006-2010,outgoing
PT,Portugal,14109,UNIMI,2006-2010,outgoing
PW,Palau,65,UNIMI,2006-2010,outgoing
PY,Paraguay,60,UNIMI,2006-2010,outgoing
QA,Qatar,1115,UNIMI,2006-2010,outgoing
RE,Réunion,228,UNIMI,2006-2010,outgoing
RO,Romania,2115,UNIMI,2006-2010,outgoing
RS,Serbia,2215,UNIMI,2006-2010,outgoing
RU,Russia,32169,UNIMI,2006-2010,outgoing
RW,Rwanda,42,UNIMI,2006-2010,outgoing
SA,Saudi Arabia,1372,UNIMI,2006-2010,outgoing
SC,Seychelles,38,UNIMI,2006-2010,outgoing
SD,Sudan,94,UNIMI,2006-2010,outgoing
SE,Sweden,50555,UNIMI,2006-2010,outgoing
SG,Singapore,13656,UNIMI,2006-2010,outgoing
SI,Slovenia,4658,UNIMI,2006-2010,outgoing
SJ,Svalbard and Jan Mayen,34,UNIMI,2006-2010,outgoing
SK,Slovakia,4371,UNIMI,2006-2010,outgoing
SL,Sierra Leone,4,UNIMI,2006-2010,outgoing
SM,San Marino,30,UNIMI,2006-2010,outgoing
SN,Senegal,108,UNIMI,2006-2010,outgoing
SO,Somalia,53,UNIMI,2006-2010,outgoing
SR,Suriname,6,UNIMI,2006-2010,outgoing
SS,South Sudan,1,UNIMI,2006-2010,outgoing
SV,El Salvador,98,UNIMI,2006-2010,outgoing
SX,Sint Maarten,3,UNIMI,2006-2010,outgoing
SY,Syria,92,UNIMI,2006-2010,outgoing
SZ,Eswatini,1,UNIMI,2006-2010,outgoing
TD,Chad,7,UNIMI,2006-2010,outgoing
TG,Togo,21,UNIMI,2006-2010,outgoing
TH,Thailand,3597,UNIMI,2006-2010,outgoing
TJ,Tajikistan,19,UNIMI,2006-2010,outgoing
TL,Timor-Leste,1,UNIMI,2006-2010,outgoing
TN,Tunisia,2743,UNIMI,2006-2010,outgoing
TO,Tonga,6,UNIMI,2006-2010,outgoing
TR,Turkey,11714,UNIMI,2006-2010,outgoing
TT,Trinidad and Tobago,54,UNIMI,2006-2010,outgoing
TW,Taiwan,28385,UNIMI,2006-2010,outgoing
TZ,Tanzania,1089,UNIMI,2006-2010,outgoing
UA,Ukraine,3117,UNIMI,2006-2010,outgoing
UG,Uganda,578,UNIMI,2006-2010,outgoing
US,United States,1500232,UNIMI,2006-2010,outgoing
UY,Uruguay,645,UNIMI,2006-2010,outgoing
UZ,Uzbekistan,545,UNIMI,2006-2010,outgoing
VC,St Vincent and Grenadines,2,UNIMI,2006-2010,outgoing
VE,Venezuela,635,UNIMI,2006-2010,outgoing
VI,U.S. Virgin Islands,1,UNIMI,2006-2010,outgoing
VN,Vietnam,1105,UNIMI,2006-2010,outgoing
XK,Kosovo,5,UNIMI,2006-2010,outgoing
YE,Yemen,53,UNIMI,2006-2010,outgoing
ZA,South Africa,9777,UNIMI,2006-2010,outgoing
ZM,Zambia,212,UNIMI,2006-2010,outgoing
ZW,Zimbabwe,98,UNIMI,2006-2010,outgoing
